Joseph Eglinton, 724166154
Julie Coles, 563842519
Micheal Veit, 363280468
Karina Mccoy, 274540999
Michael Simmons, 426110972
Cameron Toliver, 786345912
Robert Ulrich, 262315061
Irma Hawkins, 276036755
Robert Husted, 762930518
Mary Yamada, 235776245
Marc Farmer, 626146277
Beverly Slaughter, 709365849
James Vu, 506620226
Vanessa Freeman, 298717229
Stephanie Hamm, 933584385
Debbie Dittman, 169348483
Charles Kozlowski, 682962141
Cathy Quinones, 753679533
Cythia Siemens, 446017925
Richard Smith, 188548634
Becky Franco, 169249377
Jillian Machuca, 442695263
Joyce Mcmorris, 623437487
John Risner, 321482985
Trina Wilson, 689740759
Robert Mathias, 335182048
Robert Ching, 665157371
Janice Licon, 739361998
John Gordon, 189252447
Jennifer Branch, 241244249
Richard Fuller, 220926709
Mark Washington, 485747888
Lynn Broker, 922626082
Gwen Lindley, 592048229
Linda Schwend, 525739766
Frank Philpot, 323292561
Janet Miller, 101166410
Cherie Waite, 536447731
Glen Winston, 467177699
Dwight Moore, 496507778
Brandi Chrisco, 279022747
Andres Keim, 236321056
Raymond Lutz, 680915394
Max Allen, 111782811
Denise Allen, 943899444
Minnie Donaldson, 523575655
Liza Saenz, 736408580
Steven Borum, 518578594
Catherine Mrowka, 469844422
Jim Fegueroa, 806472510
Jesus Sanchez, 847621179
Grace Rains, 858576026
Carolyn Lewis, 266427503
Robert Lawing, 719845959
Daniel Tilford, 280422930
Nicole Soto, 272720863
Evelyn Craig, 213475402
Dan Creamer, 611435032
Lindsay Allen, 746195386
Andrew King, 996397211
Tricia Saylor, 413467172
Lakisha Helt, 783236113
Jean Silva, 131911945
Thomas Hairston, 203593787
Ruby Seeley, 133192334
Pansy Patterson, 377350722
Myra Lemoyne, 795074579
Peter Houston, 236302047
Robert Bronstein, 674974034
Marie Gordon, 771318883
Cynthia Lyles, 893181155
Gordon Davis, 397285581
Herbert Newsome, 585867178
Milton Patterson, 616456477
Bertha West, 172329134
Ronald Brown, 701047195
Alexander Bishop, 673841769
Charles Woods, 559659975
Linda Baird, 629406829
Patricia Harris, 162207120
Frank Winters, 908811762
Albert Weber, 306955612
Albert Cam, 427429590
Candi Campos, 487577254
Karen Layne, 501322800
Heath Marra, 572448507
Carol Telford, 449320338
Robert Pelzer, 901800634
Melissa Maxwell, 125320469
Tiffany Leggitt, 121759805
Teresa Olivarria, 466922863
Debbie Meese, 123772982
Patrice Crawford, 429305162
Lynn Painter, 556003830
Jerald Green, 413537555
Geneva Nance, 706122320
Grace Mclain, 617908006
Martin Middleton, 300066811
Earl Grover, 698295486
Michael Durham, 829153145
Sondra Robinson, 999559702
Gary Omalley, 480975121
Andre Hines, 864261559
David Lane, 796477206
Evelyn Moore, 289900597
Michael Keefer, 945460286
Thomas Fisher, 802608713
Jeffrey Skidgel, 346123692
Ronald Smith, 221348003
John Branum, 128688835
Jenice Williams, 814712003
Brian Bohlen, 523253662
Rosemarie Lincoln, 148433270
Gilbert Shultz, 728444853
Guillermo Adams, 427897722
David Smith, 415491837
Jimmy Mitchell, 419258994
Mona Biasi, 891503541
Samantha Cobb, 528668259
Kenneth Courtright, 813948618
Rita Grigsby, 258807719
Norma Hathaway, 739992315
Gregory Carrera, 241404753
David Ross, 195946011
Sharon Joecks, 904318276
Brant Henry, 152426414
Cynthia Myrick, 394846136
Mai Watkins, 132007800
Mary Tobin, 786460609
Kevin Travis, 230308862
Mark Bowman, 321164790
Tonja Burke, 499006975
Kristle Owens, 776703455
Margaret Martin, 578969256
Anthony Duffin, 262110133
Sarah Noyes, 244344203
Joanne Biancuzzo, 316690072
Lola Trowbridge, 891547404
Warren Berry, 510828991
Marian Denault, 474144406
Helen Schmitt, 376408581
Dean White, 341112602
Christopher Greenwood, 556512622
Donnie Powers, 989792400
Aron Carter, 307718140
Frances Rivera, 954013749
Christine Palmer, 122876719
Emily Cusick, 934975988
Cynthia Holguin, 760677258
Joseph Switzer, 430022367
Karen Beck, 992701739
Richard Bell, 458905416
Loretta Lucero, 659036603
Ralph Bolin, 204756910
Bobby Mayes, 524623530
Elliott Durham, 813958702
Jacqueline Brent, 676045802
Anthony Morse, 697055188
Christopher Beverly, 813942192
David Kloepper, 901245046
Mary Grant, 409207361
Joline Mckenna, 292918385
Ruben Shaefer, 535156699
James Russell, 315156712
Helen Sandoval, 873686434
Paul Alford, 320505293
Kendra Chance, 267885940
Amelia Hummel, 796473625
Carol Rose, 197895929
Victoria King, 871743095
Roberto Conley, 933564107
Margie Pagan, 401078764
Albert Horn, 692918811
Dixie Ruhl, 405490914
Anthony Brown, 572968957
Linda Haskin, 958088208
Douglas Pollard, 645656890
Paul Yamamoto, 171984069
Terri Holloway, 785433879
Rita Tuttle, 916948540
Carolyn Chalifour, 805326601
Elise Sheets, 443764917
Laurinda Vanhuss, 983337174
Eva Randall, 575142540
Mary Rudolph, 627122981
Martha Toure, 709931950
Joan Toles, 879166328
Jane Rodriguez, 214673569
Travis Vanwinkle, 392234811
Ethan Sundahl, 190647095
Mario Figueiredo, 257461497
Amy Nicolosi, 765934298
Debra Lotz, 949382875
Roger Vanslyke, 147448069
Lynn Rushing, 428876859
Russell Courtney, 864344032
Don Andrews, 945108967
Jamie Pelkey, 160157241
Katherine Hawley, 690098132
Robert Sanchez, 454164428
Edgar Lawson, 223633894
Tina Lee, 180932161
Theresa Frye, 614814083
Brandy Rogers, 289254120
Timothy Gatewood, 112230772
Hugh Allison, 663260918
John Madden, 619845349
Reta Henderson, 484411851
Brian Luck, 709044910
William Varney, 204869309
Raymond Chaney, 873888047
Phillip Johnson, 338453862
Justin Dohse, 214907602
Matthew Ward, 438345495
Brenda Hayes, 939905249
Kelli Barrett, 949239646
David Orem, 555198078
Miguel Treadwell, 282645998
George Poe, 334709729
Raymond Gerecke, 266670669
Donald Morrison, 606266342
Andres Andrews, 325839472
Juan Daniels, 126748459
Marianne Overshown, 607029985
Denise Miller, 497613786
Jose Gregory, 134679502
Krystal Godina, 756463133
Claudia Ruiz, 174982310
Phyllis Thomas, 763478890
Gregory Dominguez, 999965180
Bobbi Guzman, 468702237
Salvatore Moore, 278243911
Corina Watson, 663583557
Aida Mayo, 275492111
Nancee Gullo, 186321776
Marion Himes, 803111493
Erwin Lampley, 291726636
Heath Ahern, 753938556
Ray Mcdavid, 237894792
Justin Hubbell, 402928498
Carrie Stoll, 611521982
Sharla Crowley, 184989084
Daniel Farnam, 836473282
Matthew Madison, 299919299
Lana Morado, 568004296
Justin Townsend, 767555758
Jerome Herz, 253968068
Joshua Weiss, 703766322
Mary Tarleton, 806018463
Keith Moses, 941084956
Cody Bates, 911152997
Patricia Zamora, 413983477
Debbie Phillips, 951994845
John Mclucas, 705690042
William Evens, 517930354
Chris Anderson, 612146785
Thomas Gonzales, 431639141
James Longsdorf, 874504780
Ana Friend, 752743214
Paul Brown, 186308569
Eula Perez, 572059922
Phillip Dozier, 127940326
Taylor Lewis, 603694405
Regina Ladd, 912938051
Catherine Clopton, 300169358
Jennie Powell, 369747785
Sue Arledge, 460886547
Mark Hart, 825080282
James Fullmer, 640928133
Celia Royal, 876160802
Justin Grubbs, 668660498
Johanna Mejia, 226882237
Stephen Olson, 880760479
Kathlene Landon, 576040437
Maria Schnell, 203758529
Alfred Morin, 471520070
Amanda Parker, 933428964
Maria Hasas, 700558331
Michael Laws, 792992632
James Waldron, 557670636
Kimberly Maroun, 911663775
Rebeca Cabrera, 414926538
Lillie Mcroy, 971021486
Carol Picciano, 261767385
Alfred Jones, 292245491
Sandra Smith, 336234127
Eric Martinez, 258848683
Stephen Weisman, 669483119
Arnulfo Buckley, 472294290
David Taylor, 958175799
Christopher Tijerina, 639125232
Bruce Son, 211010100
Rachel White, 307003899
Roger Fuentes, 399160255
Jeffrey Lockett, 400817099
Edna Gilroy, 685409710
Vivan Blocker, 736509669
John Weldon, 358655214
David Smith, 467611465
Omar Ledger, 678425640
Teresa Allen, 335735210
Melissa Lewis, 741573752
Porfirio Taylor, 792223772
Richard Walker, 610297077
Donna Kennedy, 427433166
Molly Duarte, 358286019
Tina Sadowski, 932074024
Howard Nobles, 752868514
Mary Flaim, 717131830
Myrtle Johnson, 816032388
David Jones, 932998307
Leon Harris, 626888929
Roscoe Kirksey, 263129347
Wilma Thomas, 871847603
Lorraine Carter, 445444198
Dominique Newland, 415609896
Earl Busse, 996511207
Susan Meeks, 284304800
Grant Rowland, 749431835
Scott Phillies, 634879071
Kristi Hernandez, 554690536
Robert Hornlein, 106498709
Billy Brooks, 347072530
Elaine Black, 897475445
Anthony Black, 460763003
Nick Krieger, 933092289
Eunice Mcguire, 461939248
Sean Depeyster, 621347435
Louis Jones, 107833420
James Oberg, 616178579
Hope Oconnor, 202623473
Lawrence Eichhorn, 117513642
Stacy Allen, 328703343
Gregory Voorhees, 579018463