Daniel Parrott, 498689028
Brian Thompson, 201397873
Tomas Shively, 594202480
Susan Santee, 359099486
Michael Krebs, 286435440
Isaac Kirk, 996453176
Christopher Rodriguez, 863310530
Erin Brannon, 102661279
Antonio Ellenberger, 623401252
Nicholas Ortega, 737622067
Sherrie Tarpley, 331473260
Charles Nelson, 324906669
Michele Kneeland, 460999376
Abe Dickerson, 907915108
Matthew Kincaid, 206308916
Carolyn Ross, 216130059
James Heath, 868583681
Celestina Blake, 751718509
Carrol Franklin, 547246548
James Ford, 929137118
Sarah Bodnar, 320927243
Diana Contreras, 915688021
Christina Syrett, 844061798
Peter Barraclough, 319238474
Mary Fawver, 617069317
Mary Nelson, 895223431
Lincoln Noble, 885894808
Anderson Bratcher, 990176346
Dorothy Askins, 971692369
Wanda Campos, 161622629
Kirsten Feasel, 950398546
Steven Steely, 767659841
Jennifer Clarkson, 604849421
James Myers, 353998209
Linda Wyss, 730897461
Mark Jones, 342298687
Patricia Kamerling, 306689292
Blanche Numbers, 338005346
Darryl Horr, 756140075
Rachael Rice, 716964285
Frances Martin, 977048108
Dorothy Nevarez, 949327181
Blaine Copeland, 203670291
James Cassel, 334614252
William Morales, 977372188
Rose Kinnard, 211158786
Edna Mcintosh, 466979111
Courtney Archer, 996501132
Marie Snyder, 290701596
William Johnston, 868866263
Craig Macdonald, 963465239
Joan Davis, 585863940
Billy Miranda, 218326071
Judy Richardson, 571897968
Julianna Smalley, 763737835
Todd Knight, 252791523
Marie Miller, 400244954
Wendy Porter, 786207835
Lester Ross, 270640165
Wendy Rivas, 591793996
Joseph Ybarra, 956187189
Benjamin Foreman, 848281007
Juanita Franklin, 703340806
Lyle Calogero, 685300019
James Marra, 708234172
Naomi Jobe, 474518721
Mary Velasquez, 348632775
Stacy Palacios, 277126554
George Martin, 104303467
Robert Hill, 355813546
Barbara Poole, 456704585
Annie Fanning, 650422143
Joanne Artis, 449853043
Kathryn Hicks, 583240910
Janine Imhoff, 515725025
Agnes Smith, 874615566
Della Lefevre, 137963659
Nathan Morris, 763525774
Dennis Stephenson, 284441907
Lucy Sepulveda, 429955487
Lyn Roehl, 901666749
Erin Sixkiller, 776690835
Joann Ferguson, 888523495
Sylvia Oneal, 605118801
Kenneth Valez, 603459273
Kerry Mercer, 616386728
Annie Isip, 937218057
Susan Berg, 409073763
Justin Neal, 627526143
Pamela Vergara, 397951932
Valerie Willman, 163188307
Terry Lei, 428455823
Susie Ryan, 986510308
Frederic Revard, 438529858
Dena German, 544571139
Eric Perez, 108892889
Susan Neil, 138289181
Marjorie Muscarella, 757697940
Myrna Cobb, 462873176
William Tucker, 814881494
Russell Frazier, 510944301
David Hoffman, 697856868
Bernice Robinson, 545247417
Douglas Matteucci, 587461636
Ruth Headrick, 276646772
Herbert Miller, 316730496
Arthur Pinson, 970411217
David Dohrman, 111671415
Craig Harris, 568968867
Betty Peel, 522393352
Antonia Henry, 864158012
Hattie Anderson, 817678386
Pearl Adams, 203754943
Alice Carroll, 609436382
Marty Robinson, 732797694
Mark Knudsen, 443640718
Patricia Hedges, 641892557
Lashell Willet, 837222973
Machelle Mederos, 912595236
Barbara Schlager, 478244270
Beverly Cohen, 879186487
Mona Wendell, 245231708
Gregory Witherite, 459920845
Adolph Hartley, 438310203
Darryl Anderson, 935403966
Thomas Lindsey, 654829631
Hector Ramsey, 622438027
Henry Mays, 480620031
Basil Ashland, 793051842
Barbara Kuznicki, 635801289
Rhonda Anthony, 635620958
Adam Smith, 841156238
Mary Corbisiero, 150476944
Kevin Montgomery, 970973175
Johanna Mckee, 551838249
Mary Bush, 526722690
Scott Monachino, 748863530
Meghan Christensen, 324710321
Ruby Scott, 834084814
Dora Addleman, 692901854
Eva Gustafson, 126386803
William Peters, 881204305
Joseph Starrs, 770897661
Veronica Schmuff, 654193926
Matthew Bloom, 920080266
Justin Nowden, 850505395
Mark Shu, 694408984
Larry Harris, 267493025
May Davis, 622452963
Dolores Howard, 851424637
Margaret Calvert, 145850248
Abbey Bridges, 839681256
Elsie Keenum, 190327161
Juanita Ramos, 550118393
Betty Singletary, 221499600
Donn Rogers, 669323189
Irene Morales, 298868807
Zachariah Riley, 262751065
Margo Walburn, 954898717
Johnny Ebeid, 509519370
James Hill, 539005396
Rodger Gomez, 305768882
Don Mattos, 623900422
Helen Henry, 991109176
Dorothy Chappell, 366392590
Anthony Fugate, 578121268
Sandra Steele, 385863757
Beverly Scott, 952711214
Charles Bergman, 271210376
Ann Littlejohn, 702882581
Michael Kohler, 723480012
Pearline Chobot, 377839097
Marie Hunter, 191010449
Alex Empie, 937809421
David Maxwell, 279461906
Joseph Ashworth, 666596583
Michael Bonson, 458730793
Christina Tracy, 885978944
Marion Jones, 589512121
Jean Marsh, 402741911
Florence Zvorsky, 963174311
Timothy Fountain, 963485321
Chris Riggins, 683349973
Keith Paredes, 599827060
Jonathan Blount, 823336952
Justin Willson, 526105957
Jared Sykes, 159702334
Michael Gomez, 662842840
Scott Macduff, 777019666
John Lowe, 981370058
John Behr, 444782897
Olive Bradford, 385246284
Robert Weaver, 176307813
Angela Daniels, 880218234
Luanne Blair, 978056547
Hilary Rittinger, 162185542
Patricia Franklin, 603483028
Josephine Stockton, 158307841
Jon Bonilla, 730373519
Keri Williams, 128029939
Natalie Reed, 888477229
Linda Beckman, 609564620
Sherry Alix, 210321476
Jeffery Zelkin, 808740862
Patricia Gregor, 806102301
Jody Ashley, 550511297
Gertrude Hill, 745537997
Sara Greenwood, 449401524
John Brown, 562356155
Elizabeth Pigeon, 903088455
Cynthia Hernandez, 677710780
Alma Kinder, 291651985
Christine Olberding, 567345126
Brenda Doney, 420003803
Amanda Bloch, 973331888
Alicia Gomez, 993926657
Michael Adams, 418630494
Dana Thompson, 487266960
Kathy Reed, 667693706
Dave Jesse, 555404053
Jennifer Cochran, 999143807
Jeremy Harvey, 760190278
Barbara Tommie, 693988757
Jerome Stjohn, 770360048
Patricia Coffey, 763186601
Erin Garcia, 342983227
Heather Tavares, 126565649
Priscilla Eaton, 717636588
Thomas Lewis, 404876081
Orlando Perez, 587051131
Joyce Bridges, 235323939
Clara Pennebaker, 913388056
Curtis Lara, 308529160
Nancy Crowder, 286023126
William Graham, 778824401
Wm Johnston, 850924227
Milton Plant, 382023181
Holly Paparo, 147234674
Charlotte Moore, 621680019
Rose Adair, 885591669
Wilfred Rudolph, 449325603
Michael Hill, 116506497
Adelle Joseph, 567144298
Patsy Moffett, 728223182
Gregory Stevenson, 206370167
Karen Clossin, 455816026
Kathy Grady, 754684835
Douglas Young, 594571787
Heather Buttaro, 153872129
Travis Saxbury, 425968397
Angie Costello, 191450388
Betty Stokes, 617231067
Frances Aybar, 768461056
Thomas Merritt, 541713662
Helen Fujii, 932900662
Ralph Estrada, 788627688
Beverly Tisdale, 388931453
Antoinette Hernandez, 703677634
Willie Ahrens, 635241590
John Haverland, 458494139
John Engles, 168884634
Megan Owens, 296722282
Lorri Montgomery, 342855177
Katherine Pacheco, 441372718
Sarah Bulmer, 756836501
Patricia Deason, 562877779
Janice Lane, 899715683
Charles Bakley, 144012284
Fernando Wight, 884634256
Terri Messick, 350482732
John Herron, 706568510
Joan Cross, 329477777
Stella Mattingly, 364067610
Lashanda Jones, 800825565
Stacy Cuomo, 789718770
Kelly Sanzo, 147538489
Della Green, 805888374
Henry Reid, 795932364
Beverly Barry, 902617725
Ira Crider, 197278648
Carlos Emerson, 244840428
Ashley Nguyen, 113045875
Irma Butler, 298534384
Lynda Coria, 448820357
Paul Wycoff, 821737178
Irving Sharp, 627679539
James Walters, 491175363
Mike Rocha, 567353093
Willie Anaya, 164825577
Alanna Cortez, 465491326
Francisco Elkins, 698655229
Timothy Forsmark, 800164859
Shawna Chabot, 288639006
Margaret Borja, 253486890
Matthew Chatterton, 370709262
Catherine Lane, 554351875
Thelma Joshi, 325076778
Neva Rooks, 838775264
Deborah Sanchez, 995715238
Kimberly Smith, 271860001
Steve Berry, 420521824
Jack Reed, 285091961
Cheryl Myles, 203970164
Pamela Ford, 799791587
Rachel Lane, 998946103
Kyle Laud, 341400690
Brian Brandon, 546165077
Amy Vinson, 995302209
Mark Marquez, 116940041
Paul Kimmes, 264101916
Catherine Mccay, 817247020
Carlos Jones, 548117779
Robert Brannen, 172394189
Hank Trujillo, 137594365
Cynthia Mcswain, 618442398
Roger Mayle, 322939176
Debra Duckett, 339124059
Jamie Carlson, 200799837
Rochelle Gust, 436590230
Karl Stark, 168895296
James Flythe, 617111433
Elizabeth Domke, 217789071
Jason Johns, 367732318
Danny Haugen, 455325334
David Garner, 261319234
Michele Denning, 862413179
Ramona Salazar, 624495301
Terry Mosley, 707500082
James Williams, 393750542
Keith Haley, 784436143
Ida Kirkland, 653861277
Ann Soto, 920372148
Ronald Reid, 342993689
Kathleen Wagner, 931338466