Jennifer Russo, 547269864
Micheal Veit, 363280468
Diane Torres, 199536259
Tess Roessler, 952854823
Susan Santee, 359099486
Jeffery Carollo, 875172043
Cynthia Crain, 408123616
Deborah Steele, 702955346
James Vu, 506620226
Shawn Helmy, 892178691
Mark Purvis, 223919328
Michael Salter, 843870456
Virginia Davis, 469583660
Ramon Hronick, 997319405
Cythia Siemens, 446017925
Micheal Colon, 620289712
Paul Tsasie, 223821389
Anderson Bratcher, 990176346
Robert Smidt, 280645108
Ricardo Holland, 647045468
Alan Graff, 850785361
Albert Parks, 317914412
Steven Steely, 767659841
James Myers, 353998209
William Patterson, 433844400
Mark Hedin, 700811122
Cynthia Allen, 146962914
Tara Dalton, 911613286
Juanita Carr, 300219796
Laura Romero, 416947146
Roy Richardson, 793413475
Blaine Copeland, 203670291
Frank Philpot, 323292561
Janet Miller, 101166410
James Gerhart, 466381755
Cherie Waite, 536447731
Hector Hubbard, 520717389
Marie Snyder, 290701596
Matt Banks, 842472543
Billy Miranda, 218326071
Jeffrey Benson, 279452919
Minnie Donaldson, 523575655
Jimmy White, 919350197
Wendy Porter, 786207835
Martha Hunter, 127084508
Wendy Rivas, 591793996
James Fraiser, 529756944
Joan Sharp, 450081472
Benjamin Foreman, 848281007
Dan Creamer, 611435032
John Metzler, 638979178
Naomi Jobe, 474518721
Kenneth Neff, 719707391
Susan Applebee, 282367462
Stacy Palacios, 277126554
Robert Holmes, 498264694
Lakisha Helt, 783236113
George Martin, 104303467
Dennis Minter, 403934529
Judy Smith, 793330210
Daryl Hayes, 674457874
Maria Pete, 382291180
Ina Noel, 567904516
Nathan Morris, 763525774
Ashley Greer, 133288884
Lois Lloyd, 842755958
Patricia Crockwell, 115188464
James Kunkel, 504396347
Norman Francisco, 869916463
Lyn Roehl, 901666749
Benjamin Etienne, 683496780
Guy Kennedy, 295386500
In Perry, 833813051
Bertha West, 172329134
Laura Chase, 665458337
George Alonso, 695540459
Gail Riding, 695644374
Alexander Bishop, 673841769
Sara Bishop, 283278769
Charles Woods, 559659975
William Rao, 452015890
Debra Ward, 781496214
Brian Starling, 184968429
Wanda Pagan, 464209914
Andrew Williams, 683008040
Jesse Gofton, 838753533
Justin Neal, 627526143
Brenda Morris, 451367293
Gregory Neverson, 435055128
Terry Lei, 428455823
Marjorie Muscarella, 757697940
Leonard Gaston, 661474792
Melissa Maxwell, 125320469
William Currin, 170291448
David Dohrman, 111671415
Ann Massey, 148953399
Marianne Ball, 566005773
Deanne Goodridge, 902746010
Richard Barrett, 952568292
Jacqueline Lewis, 551254505
Valerie Cena, 187032174
Alice Carroll, 609436382
Geneva Nance, 706122320
Matthew Reagin, 705766507
Marty Robinson, 732797694
Keisha Oshea, 771335567
Joanna Harrison, 879509942
Mary Emond, 754219017
Elizabeth Lineberry, 952529030
Johnny Smith, 384886932
James Correia, 971927514
Mary Tobin, 567565035
Madeline Dunn, 140881114
John Meza, 556481328
Ray Drew, 890099819
Gordon Guy, 826003395
Basil Ashland, 793051842
Audrey Oden, 796690118
Robert Bennett, 645885707
Jared Willis, 856729204
Margaret London, 649428927
Rosemarie Lincoln, 148433270
Ophelia Echols, 351840128
Gregory Carrera, 241404753
Lasandra Szymczak, 365143775
Edward Bonnell, 636405737
Richard Spaulding, 749102320
Brant Henry, 152426414
Wiley Werre, 927862319
Faith Rose, 927100766
Carmen Foy, 383896556
Sharon Caylor, 506447019
Justin Nowden, 850505395
Paula Shanholtz, 684903312
Dolores Howard, 851424637
Larry Reedy, 545185801
Anthony Duffin, 262110133
Matthew Silver, 243923734
Mary Watson, 376913017
Juanita Ramos, 550118393
Susan Perry, 374306432
Gerald Vega, 607703294
Barbara Garcia, 414789337
Dean White, 341112602
Tracy Chapman, 843967046
Donnie Powers, 989792400
Jerome Fuller, 938204041
Christine Palmer, 122876719
Donovan Smith, 118404780
Robert Dustin, 158893527
Ralph Bolin, 204756910
Jacqueline Johnson, 983428755
Ronald Holliday, 628980085
Bobby Mayes, 524623530
Roxanna Newell, 865179961
Charles Reyes, 821237133
Melba Hartman, 321351052
Shannon Martinez, 624310437
Anita Watson, 167977458
David Maxwell, 279461906
Mathew Chambers, 527312412
Joseph Ashworth, 666596583
Linda Tetterton, 966857982
Clyde Rice, 208075569
Louis Strauss, 295062886
Marie Salazar, 397558661
Marvin Jones, 778218079
Marion Jones, 589512121
Nannie Rowe, 943334774
Carissa Williams, 400843872
Ryan Mcarthur, 487179376
Steven Hinman, 573952550
Scott Macduff, 777019666
Rita Tuttle, 916948540
Angela Daniels, 880218234
Kim Mcqueen, 809972618
Rebecca Cisneros, 316673835
John Ryan, 125923054
Joan Toles, 879166328
Reuben Hamlett, 666577956
Josephine Stockton, 158307841
Kelly Mayer, 975514403
Shannon Drain, 559984084
Jack Claar, 122663362
Elsie Matthias, 551148221
Monica Pearson, 583741513
Natalie Reed, 888477229
Debra Lotz, 949382875
Lee Titsworth, 847649927
Alba Brown, 881956745
Lynn Rushing, 428876859
Nancy Risley, 876743501
Linda Williamson, 549807829
Ramon Willett, 398464159
Robert Sanchez, 454164428
Lonnie Knight, 419399583
Hugh Morrison, 112936366
John Brown, 562356155
Cynthia Hernandez, 677710780
Jerry Munez, 442497895
Verna Nick, 429972950
Joyce Grant, 407793114
Brandy Rogers, 289254120
Glenn Mccammon, 944277276
Charles Sanders, 218177761
Julia Stoddard, 280781022
Kevin Wooley, 128998260
Savannah Royal, 146147814
Phillip Johnson, 338453862
Ricky Nelson, 269631517
James Fowler, 757775444
Miguel Treadwell, 282645998
Elizabeth Clemons, 469667192
Barbara Tommie, 693988757
Theresa Williams, 566743014
Catherine Gallaway, 470111054
Jose Gregory, 134679502
Jonas England, 860681617
Joann Jones, 446914463
Maria Merrifield, 940166630
Joyce Bridges, 235323939
Clara Pennebaker, 913388056
Aida Mayo, 275492111
James Crosby, 624472883
Pamela Sistrunk, 446834694
Wendy Conyers, 662512900
Donald Remiszewski, 986309285
Ralph Wahba, 806976934
Ray Mcdavid, 237894792
Thomas Perkins, 816907765
Gregory Whitney, 307479066
Justin Hubbell, 402928498
Sharla Crowley, 184989084
William Ackerman, 753034803
Ricky Childress, 413941152
Holly Paparo, 147234674
Charlotte Moore, 621680019
James Colon, 643909462
Wilfred Rudolph, 449325603
Adelle Joseph, 567144298
Raymond Williams, 875621516
Debbie Phillips, 951994845
Lorriane Brodes, 713975853
Phillis Fonseca, 588371009
James Pittman, 915304162
Isaac Fleming, 535133573
Retta Blossom, 452462137
Delores Baez, 901511093
Alfonso Resnick, 810569093
Kimberly Adams, 932830236
David Guzman, 869008281
Eula Perez, 572059922
Marilyn Zamora, 707944401
Travis Saxbury, 425968397
Bruce Morrell, 924007483
Angie Costello, 191450388
Joseph Gregorio, 563101115
Ryan Asuncion, 671772130
Mark Hart, 825080282
Robert Lala, 477850014
Cyril Cobb, 234664210
Willie Ahrens, 635241590
Jonathan Roberts, 259972598
Virgil Morgan, 716794936
Megan Owens, 296722282
Johanna Mejia, 226882237
Vicki Steen, 180511096
Katherine Pacheco, 441372718
Sarah Bulmer, 756836501
Alfred Morin, 471520070
John Herron, 706568510
Joyce Bianchi, 320755314
Joan Grand, 719478423
Beverly Barry, 902617725
Alfred Jones, 292245491
Ashley Nguyen, 113045875
Anthony Smith, 343816539
Jon Dennis, 474710518
Virginia Metge, 440546855
John Sherman, 905537118
Felicia Downing, 153221032
Diana Chambers, 190052109
Celia Kramer, 320631442
Alanna Cortez, 465491326
Nancy Jones, 798244919
Colin Torres, 321802717
Marilyn Lingelbach, 929342883
Edna Gilroy, 685409710
Lucille Robinson, 266325521
Thelma Joshi, 325076778
Deborah Sanchez, 995715238
Rosamond Arnett, 663840782
Jed Deming, 979608532
Mary Nehlsen, 714184017
Chris Cottrell, 357882351
Terri Moore, 488030698
Jack Reed, 285091961
Catherine Mccay, 817247020
Cathryn Ash, 610763094
Scarlett Moralez, 770004370
William Dolphin, 394306749
David Jones, 932998307
Hank Trujillo, 137594365
Max Preuss, 309362714
Rita Stanley, 856457835
Dorothy Cowan, 972511620
Samuel Mack, 805779229
Donna Parsons, 452787295
James Petersik, 293623802
Lynn Guptill, 342110650
John Villasenor, 351166995
Steven Davila, 950409476
Kenneth Sheets, 601474084
Ryan Crawford, 995463215
Stephanie Chandler, 874548647
Kristi Hernandez, 554690536
Elizabeth Domke, 217789071
Danny Haugen, 455325334
Michele Page, 225339206
Elaine Black, 897475445
Angie Shull, 558828929
Michele Denning, 862413179
Gertrude Morris, 170222765
William Nash, 597831987
Christopher Tabb, 700365585
Keith Haley, 784436143
Ida Kirkland, 653861277
Bobbie Raxter, 932709052
Rex Holder, 143280778
Ann Soto, 920372148
Jerry Berry, 883571502
Peter Mellerson, 246710663