Frederick Webb, 177778745
James Mayer, 987240921
Ehtel Chavez, 533369918
Christopher Rodriguez, 863310530
Rosemary Chavez, 456645042
Linda Bryant, 980514243
Abe Dickerson, 907915108
Carolyn Ross, 216130059
Fannie Clower, 165025991
George Carter, 133369255
Howard Donald, 428921262
Joseph Alvarez, 582812203
Diana Contreras, 915688021
Cathy Quinones, 753679533
Christina Syrett, 844061798
German Martinez, 263988479
Laurie Tucker, 773470593
Mary Nelson, 895223431
Willie Bivins, 328989268
Jillian Machuca, 442695263
Michael Baker, 651057816
Tara Askew, 924875991
Karen Herrera, 496490635
Nadine Kelly, 215936526
Richard Smith, 769572106
Patrick Kent, 440400342
David Henderson, 981672119
Whitney Hicks, 378670082
Kirsten Feasel, 950398546
Danielle Calvillo, 812121600
Trina Wilson, 689740759
Jane Mills, 823530995
Mario Porter, 227406569
Adam Nichols, 896576107
John Gordon, 189252447
Anthony Pollard, 744715987
Jerome Hedgepeth, 777460936
John Jones, 431639745
Paul Mcallister, 808222115
Mark Washington, 485747888
Hazel Cremeans, 442500749
Kevin Bayard, 853917471
Dorothy Nevarez, 949327181
Marilyn Faulkner, 979795384
Robert Ward, 825722662
Nelson Tapia, 670683032
James Mooney, 299447103
Patricia Daniels, 757098806
Andres Keim, 236321056
Daisy Springfield, 441012714
James Adler, 135050603
Donna Michaud, 988365564
Julianna Smalley, 763737835
Theodore Swinton, 608416813
Marie Miller, 400244954
Kathryn Houston, 687746220
Corey Pitts, 902518782
Celia Woodson, 441041062
Lester Ross, 270640165
Carolyn Lewis, 266427503
Daniel Tilford, 280422930
Lyle Calogero, 685300019
Terry Ennis, 821111506
Lindsay Allen, 746195386
Mary Velasquez, 348632775
Roger Liles, 733921746
Robert Bronstein, 674974034
Kay Hyett, 163303420
Rodney Landis, 905865223
Nicole Shelley, 353719250
Roman Yoder, 944629281
Marie Gordon, 771318883
Cynthia Lyles, 893181155
Jennifer Knight, 614914045
Margaret Shearer, 164337616
Vera Harris, 458903746
Michael Newman, 291189708
Ronald Brown, 701047195
Kevin Lopeman, 694930912
Kenneth Valez, 603459273
Luz Manning, 676784798
Michael Auclair, 963623823
Pamela Vergara, 397951932
Robert Prechtl, 597667281
Julio Given, 686630000
Anna Merriweather, 213554763
Lorraine Jenkins, 764961990
Frederic Revard, 438529858
Dena German, 544571139
Albert Cam, 427429590
Candi Campos, 487577254
Thomas Cunningham, 289216108
Robert Francis, 765134558
Leon Chatman, 753183053
Michael Messenger, 488662633
Bernice Robinson, 545247417
William Fowler, 259004975
Tiffany Leggitt, 121759805
Debbie Meese, 123772982
Lois Talbert, 798020289
Carol Hickel, 343552422
Lynn Painter, 556003830
Richard Willems, 302485738
Denise Anderson, 288311384
Cynthia Wickham, 207924657
Hermina Hamilton, 524305079
William Irish, 486154170
Patricia Hedges, 641892557
Christina Lynch, 912196797
Colin Sinstack, 979522678
Martin Middleton, 300066811
Jerry Richards, 189287629
Barbara Schlager, 478244270
Marie Marroquin, 218784542
Linda Bradley, 160091190
Thomas Lindsey, 654829631
Roy Johnson, 418529623
Norma Olsen, 586684762
Angela Bailey, 490627479
Johnathan Leonard, 790393150
Jeffrey Skidgel, 346123692
Lula Orgill, 916397272
Dexter Harris, 544933491
John Branum, 128688835
John Smith, 964914632
Adam Smith, 841156238
Jennifer Gardner, 754800839
Marvin Cooper, 535573674
Mary Corbisiero, 150476944
Dennis Montalvo, 507491530
Gilbert Shultz, 728444853
Rita Grigsby, 258807719
Bruce Patz, 919881272
Genna Malone, 998787018
Timothy Desposito, 352732981
Corey Childs, 458738434
Margaret Coakley, 182740519
Ramon Wilson, 472290510
Don Franklin, 403771917
Veronica Schmuff, 654193926
James Morgan, 380686040
Pamelia Walden, 379146836
Tonya Cox, 606933989
Timmy Colvin, 261185705
Abbey Bridges, 839681256
Janis Johnson, 394363117
Claire Oliver, 143189151
Andrew Vinyard, 180677701
Elsie Keenum, 190327161
Sherry Berry, 449800671
Donn Rogers, 669323189
Tammy Hope, 171487139
Katherine Parenti, 265872405
Joshua Carrillo, 302411528
Kathrine Lantz, 981480790
Louis Nissen, 634551715
Rodger Gomez, 305768882
Helen Henry, 991109176
Aron Carter, 307718140
Ida Phipps, 155403675
Dorothy Wilson, 289053449
Bennie Lee, 696322039
James Johnson, 788459153
Dorothy Chappell, 366392590
Charles Bergman, 271210376
Helene Schappert, 229863925
Scott Mcclinsey, 538710879
Marie Hunter, 191010449
Alex Empie, 937809421
Christopher Beverly, 813942192
Robert Franzoni, 536400396
Norma Roy, 207215831
Sarah Talbot, 692081894
Joline Mckenna, 292918385
James Russell, 315156712
Paul Alford, 320505293
Scott Page, 536536426
Victoria King, 871743095
Paul Galvan, 668611553
Joanne Mayer, 722993924
Chris Riggins, 683349973
Dora Burgess, 348950165
Michale Cates, 476115591
Charles Hoch, 776957334
Debbie Smith, 852852453
Jared Sykes, 159702334
Heather Nikolai, 605717429
Margaret Ballard, 419847471
Vickie Quinton, 839600367
Joyce Dudley, 198087372
Bernita Mccandless, 379391255
Mary Rudolph, 627122981
Gladys Gerber, 720331426
Jon Bonilla, 730373519
John Devito, 274724026
Joyce Anderson, 908647903
Alicia Dufresne, 865661514
Russell Courtney, 864344032
Judith Williams, 170223878
Jamie Pelkey, 160157241
Janet Cook, 376707024
Pauline Shambo, 443541603
Timothy Gatewood, 112230772
Albert Kallam, 454400087
Barbara Blackwell, 640926162
Frank Stringer, 195516619
Dana Thompson, 487266960
Hector Muffley, 211024330
Sindy Chang, 916059442
Kelli Barrett, 949239646
Raymond Gerecke, 266670669
Renee Jones, 581988002
Laura Gomez, 190093940
Charles Salter, 959638463
Juan Daniels, 126748459
Clyde Higgins, 507688204
Denise Miller, 497613786
Phyllis Thomas, 763478890
Gregory Dominguez, 999965180
Jeri Knecht, 496575525
Alice Ramos, 996961591
Priscilla Eaton, 717636588
Jennifer Dixon, 610150974
Sharron Batson, 839288729
Billie Rogers, 882488170
Lisa Stewart, 331898006
Thomas Harris, 441982608
William Graham, 778824401
Felisha Brown, 297980853
Scott Mosley, 814455752
Jerome Herz, 253968068
James Hicks, 529385558
Mary Bica, 383807241
Rodney Mccollum, 821386673
Vince Marini, 771226449
Cody Bates, 911152997
Laurie Hernandez, 186010923
Patricia Zamora, 413983477
Danny Shabazz, 176742776
Laura Garrido, 962145375
Gregory Stevenson, 206370167
Margaret Olmstead, 636502661
Rosa Hart, 810905109
Geraldine Wilder, 771008251
Karen Clossin, 455816026
Curtis Charles, 495195655
William Roper, 764161465
Michael Gendron, 421288374
Sherill Harper, 702400087
Paul Brown, 186308569
Steven Hutson, 784487264
Micheal Henderson, 901890627
Maria Tomson, 841520658
Andrew Holmes, 568584435
Craig Anna, 194770870
Lynne Sprague, 245387058
James Fullmer, 640928133
Michael Olinger, 283251216
Ayana Anderson, 951582334
Charles Nasers, 546529076
Katie Gilbert, 747436167
Amanda Sosebee, 470552223
Maria Hasas, 700558331
John Gade, 472404596
John Allen, 105534723
Eric Lacasse, 906691550
Sylvia Harris, 722670786
Kimberly Maroun, 911663775
Rebeca Cabrera, 414926538
Robert Hubbard, 576909278
Maggie Williams, 160151332
Nicole Mullins, 607400694
Henry Reid, 795932364
Gregory Wittenberg, 287890030
Irma Butler, 298534384
Sandra Smith, 336234127
Yer Sharp, 625528759
Juan Trombetta, 819486881
Joseph Gross, 404070913
Arnulfo Buckley, 472294290
Paulette Vildosola, 309052696
Kara Rosenbeck, 884189824
Christopher Tijerina, 639125232
James Walters, 491175363
Stephen Fordham, 758020487
Francisco Elkins, 698655229
Carmen Hernandez, 322425613
Timothy Forsmark, 800164859
Barbara Gunter, 433324256
Henry Jenkins, 921417813
Wilbert Nathan, 967279964
Margaret Borja, 253486890
Jeffrey Lockett, 400817099
Vivan Blocker, 736509669
Janice Magoun, 418401795
Tyler Johnson, 160487058
Tommy Deaton, 712759507
Charley Fortune, 531809969
John Parker, 693029188
Ann French, 245205194
Esperanza Harkins, 324650156
Teresa Allen, 335735210
Charles Ellison, 640706734
Kyle Laud, 341400690
Donna Kennedy, 427433166
Gary Shelton, 224865396
Howard Nobles, 752868514
Alexia Johns, 388520239
Allison Ahearn, 912437149
Mary Flaim, 717131830
Jack Scheetz, 105293235
Brian Chapman, 170548778
Garland Montoro, 960739682
Sara Whetstone, 322236651
Cynthia Mcswain, 618442398
Debra Duckett, 339124059
Albert Veronesi, 238224300
Bryce Leaver, 367924027
Lorraine Carter, 445444198
Justin Salazar, 297839324
Charles Matuszewski, 950339295
Grace Moss, 602131702
Susan Meeks, 284304800
Grant Rowland, 749431835
Mary Brown, 830932415
Hazel Collins, 713706467
Billy Brooks, 347072530
Jason Johns, 367732318
Anthony Black, 460763003
Barbara Brooks, 104327095
John Blanton, 750971419
Ernie Quinn, 431409504
Barry Sigmon, 150830825
Rosa Read, 268213582