Ralph Croteau, 817281110
Lori Mack, 794524140
Louise Webb, 997175149
Joseph Banks, 408758745
Susanna Natera, 673574295
Irma Hawkins, 276036755
Rosalinda Montgomery, 777974103
Donna Dailey, 252141923
Erin Brannon, 102661279
David Johnson, 595403022
Sherrie Tarpley, 331473260
Michele Kneeland, 460999376
Matthew Walker, 343072893
Carrol Franklin, 547246548
Shirley Doughty, 143230982
Veronica Grant, 121572236
Rebecca Campbell, 390165153
Jeffery Cooper, 365765069
Marlene Alger, 889144059
Kathy Frey, 985272224
Joyce Mcmorris, 623437487
Holly Spracklen, 227188719
Darla Mcdonald, 954070019
Susan Green, 320669433
George Weber, 369123549
Janice Licon, 739361998
Blanche Numbers, 338005346
Yolanda White, 909929580
Frances Martin, 977048108
Jason Martineau, 613789870
Linda Rosa, 240415871
Harold Holmes, 632726687
Ruben Jones, 755571277
Elizabeth Morgan, 977016205
Linda Schwend, 525739766
James Cassel, 334614252
William Morales, 977372188
Susan Evans, 235925454
Philip Holding, 891266903
Edna Mcintosh, 466979111
Glen Winston, 467177699
Courtney Archer, 996501132
Larry Henry, 585062111
Jamie Greene, 227368258
Nicole Carter, 939528696
Anthony Stacy, 227984876
Chelsea Green, 880561611
Denise Allen, 943899444
Gloria Mozingo, 501704716
Patricia Camp, 583497762
Bruce Spangler, 401761382
Donna Thorpe, 902283997
Eva Miranda, 947672070
Cecilia Nason, 175573794
Caitlin Oneill, 160262948
Robert Lawing, 719845959
Derrick Hedges, 619610063
Martin Rice, 145714870
Nancy Wyatt, 157827766
Sean Moore, 702142017
Andrew King, 996397211
Ethel Schlueter, 758502370
Monica Anderson, 527813314
Jean Silva, 131911945
Patricia Simms, 277174463
David Durham, 279633968
Daniel Weston, 175412388
Amy Lala, 263457590
Richard Jackson, 873212626
Nancy Davison, 155774023
Donald Yeater, 377514938
Dennis Stephenson, 284441907
Candace Russo, 947079316
Brandon Fabbri, 565774987
Jon Horton, 189012111
Erin Sixkiller, 776690835
David Simon, 915045260
Claudio Ransom, 221333091
Kerry Mercer, 616386728
Shannon Dunton, 775406356
Susan Berg, 409073763
Valerie Willman, 163188307
Peggy Vasquez, 361686056
Myrna Cobb, 462873176
David Hoffman, 697856868
Christopher Robinson, 802733130
Julie Whitrock, 352249574
Mary Lord, 291296283
Herbert Miller, 316730496
Arthur Pinson, 970411217
Teresa Olivarria, 466922863
Betty Peel, 522393352
Joyce Morton, 299774216
Antonia Henry, 864158012
Kristen May, 832224373
Irene Longacre, 398164051
Lizabeth Hillard, 495089600
Andrew Parado, 986318957
Mark Knudsen, 443640718
Charles Hunter, 648339958
Renee Johnson, 329507403
Earl Grover, 698295486
Jacqueline Hixon, 183265607
Margaret Swonke, 364675879
Mammie Terry, 815634761
Michael Durham, 829153145
Machelle Mederos, 912595236
Sondra Robinson, 999559702
Iris Scowden, 200528196
David Lane, 796477206
Timothy Gardner, 982859520
James Rezak, 610460208
Rhonda Anthony, 635620958
Jessica Dunbar, 752476336
Jacqueline Sessoms, 866323481
James Campbell, 287427133
Maryjo Butler, 175603581
Kenneth Courtright, 813948618
Norma Hathaway, 739992315
George Bennett, 391234268
Sharon Joecks, 904318276
Cynthia Myrick, 394846136
Jimmy Figueroa, 624217983
William Ballas, 926270281
Priscilla Carlson, 629931536
Andrew Goodell, 956679209
Eva Gustafson, 126386803
Reuben Pride, 618612221
Gary Koch, 971582525
James Montemurro, 283612395
Howard Cole, 738102019
Matthew Bloom, 920080266
Kristle Owens, 776703455
Rochelle Hubbard, 548201720
Margaret Martin, 578969256
May Davis, 622452963
Sybil King, 571502437
William Powell, 544892304
Genevieve Cameron, 374341080
Alice Mallette, 468129926
Adriana Brink, 226448666
Willie Canpos, 617028514
Ashley Ramirez, 858344745
Warren Berry, 510828991
Paul Goatley, 633649416
Zachariah Riley, 262751065
Linda Gresham, 179962501
Stevie Clemmer, 947400314
Johnny Ebeid, 509519370
Steven Mccarter, 667275664
Jerry Perdue, 567510029
Laura Waller, 488509931
Haywood Zuniga, 834008491
John Fox, 780202852
James Hill, 539005396
Linda Rzeczycki, 229988130
Sharita Beadle, 109631641
Jack Thomas, 806038696
Frances Rivera, 954013749
Mario Norman, 910674194
Jean Ash, 371854369
Joseph Baker, 169293110
Michael Jenkins, 209072804
Stephanie Smith, 602210947
Loretta Lucero, 659036603
Buena Gourd, 619490026
Paul Miller, 428250955
Ann Littlejohn, 702882581
Madeline White, 721252859
Elliott Durham, 813958702
Jacqueline Brent, 676045802
Anthony Morse, 697055188
David Kloepper, 901245046
Erlinda Jones, 830345845
Michael Bonson, 458730793
Evelyn Cox, 117349851
James Hampshire, 943726636
Roberto Conley, 933564107
Jean Marsh, 402741911
Florence Zvorsky, 963174311
Marvin Sinclair, 441255842
Robert Ebert, 100725869
Justin Willson, 526105957
Jesse Simmons, 494078246
Albert Horn, 692918811
Linda Haskin, 958088208
Terri Holloway, 785433879
John Lowe, 981370058
Claudia Weber, 970913670
Ethel Cantu, 578599491
Carolyn Chalifour, 805326601
Laurinda Vanhuss, 983337174
Betty Evans, 940479487
Martha Toure, 709931950
Patricia Franklin, 603483028
Aaron Velasquez, 690246434
Lilian Rideau, 267540714
Mario Figueiredo, 257461497
Keri Williams, 128029939
Kimberly Pickle, 277915550
Tod Dartt, 534437275
Jesus Odom, 999021332
Rita Duggar, 996195716
Hui Mcguiness, 354983600
Colleen Orefice, 209603429
Ronald Lamp, 628205167
Kathy Prothro, 376060834
Jody Ashley, 550511297
Sharon Rouse, 858933735
Jeanne Roemmich, 649347475
Norman Johnson, 689747658
Terry Schaedler, 322419474
Frank Hanson, 740818478
Richard Cason, 340589126
Amanda Bloch, 973331888
John Madden, 619845349
Kathy Reed, 667693706
Jennifer Potter, 762965603
Matthew Ward, 438345495
Jennifer Cochran, 999143807
Elizabeth Muniz, 561867239
Joshua Nalevanko, 680746846
Judith Miller, 936506984
Marianne Overshown, 607029985
Carolyn Brown, 857102971
Patricia Coffey, 763186601
Oma Kolter, 353828039
Bobbi Guzman, 468702237
Heather Tavares, 126565649
Salvatore Moore, 278243911
Kerry Moore, 192627702
Carol Lavertue, 983889853
Orlando Perez, 587051131
Sandra Gault, 345373153
Willie Atkinson, 749430046
Vincent Lane, 510937591
Erwin Lampley, 291726636
Emma Houge, 248785787
Dallas Jones, 998544775
Justin Townsend, 767555758
Joshua Weiss, 703766322
Joshua Blais, 399650329
Aracely Hungate, 317244460
Travis Thompkins, 138250517
Vincent Boney, 425859539
Judy Guinn, 520914528
John Mclucas, 705690042
William Evens, 517930354
Robert Myers, 141031542
Kathy Grady, 754684835
Loretta Drayton, 567740821
Laura Elliott, 863180928
Ana Friend, 752743214
Douglas Young, 594571787
Kelvin Bottone, 963105165
Frank Rodriguez, 711264197
Phillip Dozier, 127940326
Linda Malizia, 896779755
Guadalupe Amerson, 143771943
Thomas Merritt, 541713662
Claudine Higgins, 315650636
Helen Fujii, 932900662
Catherine Clopton, 300169358
Karen Crumley, 873749129
Nettie Abbott, 838620724
Christopher Foster, 242795303
Sandra Lindstrom, 477710071
Thomas Ruscio, 989248547
Ronald Perez, 378824837
John Haverland, 458494139
Lorri Montgomery, 342855177
Lois Hatton, 886334615
Maria Schnell, 203758529
Steven Leonard, 177079446
Fernando Wight, 884634256
James Waldron, 557670636
Joan Cross, 329477777
Willie Loveless, 744938218
Michelle Barker, 390301440
Christine Lawley, 963816291
Peggy Dickerson, 858710042
Lillie Mcroy, 971021486
Katherine Miller, 699203275
Stephen Moffett, 630705798
Alice Warner, 475425117
Charles Hollister, 394373290
Brian Mays, 977528767
Michael Rodriguez, 424513891
Ann Williams, 776479849
David Wolf, 573091672
Irving Sharp, 627679539
Larry Stephens, 217527136
Bruce Son, 211010100
Willie Anaya, 164825577
Chris Gionet, 365326863
Fred Cradle, 938588859
Heather Herrera, 993007079
Mary Soren, 525469343
Neva Rooks, 838775264
Mark Guerra, 858696028
Rolando Nixon, 966030588
Renee Cowan, 784134705
Sandra Dorsey, 310968948
Rachel Lane, 998946103
Brian Brandon, 546165077
Amy Vinson, 995302209
Molly Duarte, 358286019
Andre Esposito, 120648652
William Arnold, 957108317
Paul Kimmes, 264101916
Richard Williams, 532663727
Robert Brannen, 172394189
Leon Harris, 626888929
Roger Mayle, 322939176
Mary Harper, 915604590
Timothy Martin, 545132169
Rochelle Gust, 436590230
Karl Stark, 168895296
James Flythe, 617111433
Luigi Shifflett, 103596220
Lilia Villatora, 640719388
Frederick Kent, 886779998
James Douglas, 672556881
David Garner, 261319234
Pamela King, 499680208
Herbert Taber, 573784875
Eunice Mcguire, 461939248
Louis Jones, 107833420
Terry Mosley, 707500082
Brain Neely, 424600623
Timothy Finley, 421404067
Rosalind Gray, 654901072
Hope Oconnor, 202623473
Virginia Ormond, 812346784