Ashley Barker, 786863701
Joseph Eglinton, 724166154
Tomas Shively, 594202480
Don Gregory, 829581985
Tommy Brassard, 496689933
Karina Mccoy, 274540999
Michael Simmons, 426110972
Cynthia Snowden, 373571189
Robert Ulrich, 262315061
Michael Krebs, 286435440
Robert Husted, 762930518
Marc Farmer, 626146277
Nicholas Ortega, 737622067
Adina Gust, 414270781
Robert Bell, 882157106
Nigel Anton, 823721035
Jennifer Shackelford, 758905594
Elizebeth Forehand, 657604336
Vanessa Freeman, 298717229
Matthew Kincaid, 206308916
Stephanie Hamm, 933584385
James Ford, 929137118
Buck Atkins, 771944185
Charles Kozlowski, 682962141
John Serrano, 724763344
Tony Goodrich, 988365337
Olivia Haddix, 773801148
Gabriel Prouty, 922865126
Christopher Gray, 204813185
Morgan Stoltzfus, 908506303
Angela Benz, 647983398
Richard Williams, 118404819
Mark Jones, 342298687
Darryl Horr, 756140075
Rachael Rice, 716964285
Crystal Ortiz, 510876850
Jessica Denning, 403203900
Rachel Christian, 241622615
Mable Chauez, 359010283
Dwight Moore, 496507778
Brandi Chrisco, 279022747
Max Allen, 111782811
Kristy Pattison, 204177115
William Haney, 908237255
Gloria Charon, 834253792
Liza Saenz, 736408580
Jim Fegueroa, 806472510
Steven Cyree, 869157972
Michael Murphy, 193743141
Grace Rains, 858576026
Micheal Wilson, 834899128
Carrie Power, 126344626
Lashawn Hallack, 663583477
Gregory Ortiz, 233205527
Evelyn Craig, 213475402
Steven Katt, 714664576
Nathaniel Kahle, 556170476
Barbara Staplins, 514617091
Jennie Keever, 184700150
Tricia Saylor, 413467172
Christine Randazzo, 501204891
Thomas Shealy, 957643118
Betty Blake, 517840410
Robert Hill, 355813546
Thomas Hairston, 203593787
Barbara Poole, 456704585
Dale Johnson, 137935760
Pansy Patterson, 377350722
Myra Lemoyne, 795074579
Annie Fanning, 650422143
Russell Schatzman, 810991389
Jill Thomas, 249679365
Della Lefevre, 137963659
Marylou Gabrielson, 663546535
Gordon Davis, 397285581
Geraldine Stevens, 648960441
Randall Ruiz, 432582385
Susan Ortiz, 643333550
Ashley Simmons, 136343639
Richard Branch, 417370530
Joann Ferguson, 888523495
Sylvia Oneal, 605118801
Kimberly Chatfield, 566537372
Annie Isip, 937218057
Anne Snyder, 107517591
Richard Calderon, 509937887
Pedro Rice, 602573409
Eric Perez, 108892889
Susan Neil, 138289181
Michael Thorne, 581143657
Jacquelynn Walton, 119820474
William Tucker, 814881494
Karen Layne, 501322800
Rodney Renolds, 544967738
Frank Hotton, 332587362
Carol Telford, 449320338
Misty Jackson, 559456530
Douglas Matteucci, 587461636
Franklin Goble, 240342387
Janice Litzenberg, 288455532
Betty Morales, 751957845
Jeremy Zbell, 990724657
Donna Lichtenstein, 307086078
Craig Harris, 568968867
Anthony Sims, 600498344
Juanita Stevens, 159497924
Bruce Brumley, 250497018
Breana Luckow, 425753405
Patrice Crawford, 429305162
Charles Scott, 861549400
Johnathan Johnson, 324081447
Kenneth Spell, 449973306
Jerald Green, 413537555
Milo Reese, 954875033
Anthony Diclaudio, 818925010
Grace Mclain, 617908006
Desmond Mallette, 966774213
Nancy Harper, 913840851
Donald Fisher, 503865641
Roberta Abnet, 924044443
Carlos Svec, 241371835
Martin White, 518403206
Christine Flens, 290703812
Gary Omalley, 480975121
Andre Hines, 864261559
Gloria Pam, 635663290
Karen Rothman, 597956385
Paul Butcher, 691402967
Leeann Perez, 140240416
Ronald Smith, 221348003
Jamie Stanley, 397662335
Lois Gonzalez, 983334634
Jeremy Ardrey, 164959798
David Smith, 415491837
Samantha Cobb, 528668259
Johanna Mckee, 551838249
Richard Rocque, 313289176
Frank No, 190610408
Gregory Scott, 425369116
Colleen Bottoms, 601645546
Frances Crowder, 333973019
Daniel Lint, 242312567
Amanda Hardman, 928387949
William Peters, 881204305
Kevin Travis, 230308862
Roscoe Linebarger, 746165144
Melanie Bradley, 838870252
Frances Larson, 724434539
Barbara Andersen, 231721229
Michele Vincent, 346916290
John Colon, 922000529
Mark Shu, 694408984
Lisa Pruitt, 438953365
William Gray, 432598085
Juana Orick, 502428781
Brett Sekel, 591404909
Evelyn Johnson, 487994998
Marcela Rice, 471471495
Joanne Biancuzzo, 316690072
Lola Trowbridge, 891547404
Lisa Nork, 753196576
Mina Bynum, 929078501
Helen Schmitt, 376408581
Gloria Mcreynolds, 946076594
Brian Adams, 236900369
John Ovit, 955465486
Laurence Hudgens, 848514653
Wilbert Austin, 356264722
Emily Cusick, 934975988
Dorothea Pane, 681434072
Karen Beck, 992701739
Justin Hashimoto, 210555632
Beverly Scott, 952711214
Elizabeth Mccrary, 191925855
William Clark, 100104662
Richard Portillo, 122547129
Felica Mccullough, 245135213
Ruben Shaefer, 535156699
Lisa Knowles, 940635744
Helen Sandoval, 873686434
Christopher Douglas, 787731168
Scott Peterson, 574696024
Christina Tracy, 885978944
Harry Blatt, 473091788
Kurt Venturelli, 802676103
William Swanson, 914114509
Adam Hyde, 802695205
Timothy Fountain, 963485321
John Spaulding, 668238695
Michelle Vivian, 542089494
Mary Sahara, 477122510
Grace Walter, 206288694
Connie Baylor, 384770424
Robert Watts, 460214589
Jamie Rankins, 707645771
Edith Anderson, 831378064
Douglas Pollard, 645656890
Paul Yamamoto, 171984069
Michael Gomez, 662842840
John Behr, 444782897
Robert Weaver, 176307813
Luanne Blair, 978056547
Eva Randall, 575142540
James Jones, 343403945
Cassandra Edwards, 310515562
Susan Priest, 841332200
Thomas Richard, 570059996
Tyisha Chabot, 903640934
Travis Vanwinkle, 392234811
Ethan Sundahl, 190647095
Joyce Lacroix, 722497833
Amy Nicolosi, 765934298
Arnold Hill, 278857040
Roger Vanslyke, 147448069
Linda Beckman, 609564620
Robert Brizuela, 744836902
Jeremy Navarro, 785996122
David Mote, 485244447
Lawrence Bowser, 890049685
Jeffery Zelkin, 808740862
Andreas Chalifoux, 239740999
Sara Greenwood, 449401524
Elizabeth Pigeon, 903088455
Alma Kinder, 291651985
Colleen Beaupre, 652485537
Rogelio Romero, 122718200
Jimmy Henderson, 692601352
Brenda Doney, 420003803
Amber Dammeyer, 824676843
Cynthia Barker, 807095316
Rodger Hicks, 462420446
Kelli Rendon, 368484653
Andrew Elliott, 823756715
Jane Dabbs, 662507915
Justin Dohse, 214907602
Gary Baker, 522142202
Ronald Plourde, 508508645
Andres Andrews, 325839472
Mary Smith, 901209950
Faye Perrine, 625526106
Patrick Humphrey, 290227103
Gabrielle Burnett, 282609809
Erin Garcia, 342983227
Helen Gonzalez, 126801693
Antonio Hansen, 250981277
Sharon Slaughter, 684628445
Jacinto Ingram, 713156690
Marion Himes, 803111493
Heath Ahern, 753938556
Marcella Hyatt, 154837737
Arthur Kubin, 623913138
Matthew Madison, 299919299
Mary Tarleton, 806018463
Rose Adair, 885591669
Billy Mena, 323126760
Richard Russel, 761650785
Billy Brown, 849698123
Sarita Reimer, 911610288
Frances Woods, 578545483
Heather Buttaro, 153872129
James Holloway, 453364394
Betty Stokes, 617231067
Brenda Stringer, 270240962
Mamie Moore, 471353695
Ralph Estrada, 788627688
Sue Arledge, 460886547
Elaine Morgan, 993693994
Antoinette Hernandez, 703677634
Janet Smith, 822836372
Jean Schrock, 505162471
Ashley Blackmon, 843102646
Judy Williams, 889020705
James Joy, 311275099
Chad Estabrook, 962709030
Loan Robinson, 768766168
Patricia Deason, 562877779
Janice Lane, 899715683
Charles Bakley, 144012284
William Seaman, 878523510
Terri Messick, 350482732
Gerry Jared, 438366543
Karen Clines, 871335337
Lashanda Jones, 800825565
Kelly Sanzo, 147538489
Nora Everett, 109108920
Jasmin Rice, 386659750
Lynda Coria, 448820357
Greg Orms, 507144685
Stephen Weisman, 669483119
Sheryl Brock, 343502094
Charles Davis, 960635584
Blanca Etheridge, 238287803
Evelyn Henry, 865633897
Shawna Chabot, 288639006
Roger Fuentes, 399160255
James Manning, 113879628
Matthew Chatterton, 370709262
Kimberly Smith, 271860001
Steve Berry, 420521824
Omar Ledger, 678425640
Donald Richardson, 983183548
Hope Henson, 616343809
Joseph Schmidt, 330963324
Wanda Webster, 103000559
Pamela Ford, 799791587
Melissa Lewis, 741573752
Porfirio Taylor, 792223772
Mark Marquez, 116940041
Kim Otsuka, 956526122
Shirley Williams, 481003907
Gerald Harwood, 899123567
Jeffrey Futch, 403626375
Heath Young, 833856510
Wanda Robichaux, 395640266
Christopher Howell, 460681467
Dominique Newland, 415609896
Helen Merriweather, 127656582
Carola Escobedo, 837238820
Robert Hornlein, 106498709
Violet Seiler, 297652356
Bruce Speed, 901991463
Nick Krieger, 933092289
Ramona Salazar, 624495301
Rose Keller, 257650148
Meagan Costa, 577989446
Rita Goodwin, 809832026
Ian Cooley, 402308857
Edna Fraser, 241797460
Roger Busby, 822057582
Harold Crouch, 882578565
Chad Jankowiak, 663274061
Gregory Voorhees, 579018463
Ronald Reid, 342993689
Joseph Pitpitan, 901900643